{
  "note_count": 100000,
  "data_generation_seconds": 29.296478438000122,
  "memory_mb": 0.015503883361816406,
  "memory_peak_mb": 0.027561187744140625,
  "db_size_mb": 114.26171875,
  "search": {
    "AI": {
      "avg_ms": 11361.617500000104,
      "min_ms": 114.22218700022313,
      "max_ms": 56324.535156999904
    },
    "AI 技术": {
      "avg_ms": 163.8579688000391,
      "min_ms": 158.5217179999745,
      "max_ms": 170.3965630001676
    },
    "Python 机器学习": {
      "avg_ms": 171.05350000001636,
      "min_ms": 168.07874999994965,
      "max_ms": 176.7309379999915
    },
    "数据库 搜索": {
      "avg_ms": 143.07606279994616,
      "min_ms": 135.83515599998464,
      "max_ms": 151.09765699980926
    },
    "": {
      "avg_ms": 0.023718800002825446,
      "min_ms": 0.0067180001224187436,
      "max_ms": 0.09124999996856786
    }
  },
  "tag_list_ms": 0.766094000027806,
  "tag_tree_ms": 0.8314060000884638,
  "outgoing_links_ms": 0.3379690001565905,
  "incoming_links_ms": 0.19734400007109798,
  "link_graph_ms": 4355.215469000086,
  "markdown_export_ms": 160951.53812500008,
  "json_export_ms": 70577.89671800038
}